cluster,recency,frequency,monetary_value
0,287.13953488372096,1.5348837209302326,157.6379496124031
1,1019.5493827160494,3.802469135802469,250.9781059670782
2,786.3018867924528,2.4716981132075473,750.6298349056603
3,1441.0,59.0,335.9750847457627
4,1288.3333333333333,10.25,468.411535130957
5,429.5,1.0,2520.9049999999997
